****Auction lists are generated every 15 minutes and may not contain the latest auctions****
Domain,TLD,Type,Auction End
Quotes.land,land,Dropped,2025-05-26
ThomasShepard.org,org,Dropped,2025-05-26
PlusavenirlePatronage.org,org,Dropped,2025-05-26
MedicalImplants.org,org,Dropped,2025-05-26
MyMaths.org,org,Dropped,2025-05-26
Owli.org,org,Dropped,2025-05-26
Smsmf.org,org,Dropped,2025-05-26
Sportstation.org,org,Dropped,2025-05-26
NottsPeoplesAssembly.org,org,Dropped,2025-05-26
Teleg.org,org,Dropped,2025-05-26
Eloq.org,org,Dropped,2025-05-26
objectifparis2024.org,org,Dropped,2025-05-26
GradScholarships.org,org,Dropped,2025-05-26
TeamHappy.org,org,Dropped,2025-05-26
Vgcvpf.org,org,Dropped,2025-05-26
TechDesign.org,org,Dropped,2025-05-26
CodeFoundry.org,org,Dropped,2025-05-26
GordonBanks.org,org,Dropped,2025-05-26
SuLeymaniyecamii.org,org,Dropped,2025-05-26
LerneN.org,org,Dropped,2025-05-26
Ftcma.org,org,Dropped,2025-05-26
KurdistanAmericaLatina.org,org,Dropped,2025-05-26
forum-avignon.org,org,Dropped,2025-05-26
MarkJohnsonForArkansas.com,com,Dropped,2025-05-26
GreenFleamarkets.com,com,Dropped,2025-05-26
KtmForum.com,com,Dropped,2025-05-26
ExpressLoad.com,com,Dropped,2025-05-26
PyramidResearch.com,com,Dropped,2025-05-26
ColemanHell.com,com,Dropped,2025-05-26
ReMeasure.com,com,Dropped,2025-05-26
VegaNmofo.com,com,Dropped,2025-05-26
ParkViewDC.com,com,Dropped,2025-05-26
BaslesMasques.com,com,Dropped,2025-05-26
ZgynzJ.com,com,Dropped,2025-05-26
37smarthome.com,com,Dropped,2025-05-26
DdhmfpW.com,com,Dropped,2025-05-26
SdhebiHe.com,com,Dropped,2025-05-26
HerbalMusings.com,com,Dropped,2025-05-26
TopStyler.com,com,Dropped,2025-05-26
ehsf2023.com,com,Dropped,2025-05-26
BioBitter.com,com,Dropped,2025-05-26
ShaftesburyEstates.com,com,Dropped,2025-05-26
CampingDeLasTours.com,com,Dropped,2025-05-26
SleeveNotes.com,com,Dropped,2025-05-26
LetRoqueT.com,com,Dropped,2025-05-26
DekorisTa.com,com,Dropped,2025-05-26
ShReesHa.com,com,Dropped,2025-05-26
HaarTh.com,com,Dropped,2025-05-26
InCentIvai.com,com,Dropped,2025-05-26
MiuziK.com,com,Dropped,2025-05-26
LesEnviesDetalie.com,com,Dropped,2025-05-26
VoiceChatBot.com,com,Dropped,2025-05-26
zookeeper-movie.com,com,Dropped,2025-05-26
SriThAran.com,com,Dropped,2025-05-26
Djiq.com,com,Dropped,2025-05-26
ProjectMegaMe.com,com,Dropped,2025-05-26
Wibba.com,com,Dropped,2025-05-26
SmartHoney.com,com,Dropped,2025-05-26
OgrisDebris.com,com,Dropped,2025-05-26
MokumOkuMarket.com,com,Dropped,2025-05-26
qd-chuangyuan.com,com,Dropped,2025-05-26
SelfSelect.com,com,Dropped,2025-05-26
ReleaseCoaching.com,com,Dropped,2025-05-26
BaMarenLive.com,com,Dropped,2025-05-26
WzpgIs.com,com,Dropped,2025-05-26
YfWork.com,com,Dropped,2025-05-26
LyuAnteNg.com,com,Dropped,2025-05-26
NoPstor.com,com,Dropped,2025-05-26
yoyo122.com,com,Dropped,2025-05-26
MaoyuaNzdp.com,com,Dropped,2025-05-26
MalicHuyun.com,com,Dropped,2025-05-26
YuanTianAlliance.com,com,Dropped,2025-05-26
wh5681.com,com,Dropped,2025-05-26
3000international.com,com,Dropped,2025-05-26
RYtqygl.com,com,Dropped,2025-05-26
WhChun.com,com,Dropped,2025-05-26
xj-baixiantang.com,com,Dropped,2025-05-26
JaRaya.com,com,Dropped,2025-05-26
TierDrop.com,com,Dropped,2025-05-26
ChineseStudy.com,com,Dropped,2025-05-26
ElectroColor.com,com,Dropped,2025-05-26
HanneKarisBlogG.net,net,Dropped,2025-05-26
FontanaStudio.com,com,Dropped,2025-05-26
Aswer.com,com,Dropped,2025-05-26
PrzemekdebowSki.com,com,Dropped,2025-05-26
Xeneo.com,com,Dropped,2025-05-26
MsaneHotel.com,com,Dropped,2025-05-26
HnbianHu.com,com,Dropped,2025-05-26
oneis47.com,com,Dropped,2025-05-26
Ayk.net,net,Dropped,2025-05-26
Viyna.net,net,Dropped,2025-05-26
SlotSm.com,com,Dropped,2025-05-26
Felou.com,com,Dropped,2025-05-26
Wavelength.org,org,Dropped,2025-05-26
Yklb.com,com,Dropped,2025-05-27
WheelAmena.org,org,Dropped,2025-05-26
SiriusUfo.org,org,Dropped,2025-05-27
WeFeedback.org,org,Dropped,2025-05-26
GreenPlastic.org,org,Dropped,2025-05-27
SleevesUp.org,org,Dropped,2025-05-27
HeartsInharmony.org,org,Dropped,2025-05-26
GenesisBank.org,org,Dropped,2025-05-27
CompostAction.org,org,Dropped,2025-05-27
MissionTeam.org,org,Dropped,2025-05-26
QuerEllaBarceNas.org,org,Dropped,2025-05-27
LibresDeContaminantesHormonales.org,org,Dropped,2025-05-26
SuperLine.org,org,Dropped,2025-05-27
seamless-ip.org,org,Dropped,2025-05-27
berlin7.org,org,Dropped,2025-05-27
VanYmca.org,org,Dropped,2025-05-27
spring-nutrition.org,org,Dropped,2025-05-27
AhegaOPorn.net,net,Dropped,2025-05-27
MashleManga.com,com,Dropped,2025-05-27
SoccerPlay.com,com,Dropped,2025-05-27
cornelwest2024.com,com,Dropped,2025-05-26
Candlewoods.com,com,Dropped,2025-05-27
ZErith.com,com,Dropped,2025-05-26
PrintScreenFestival.com,com,Dropped,2025-05-27
DermaSoft.com,com,Dropped,2025-05-26
LArcane.com,com,Dropped,2025-05-26
Nhdev.com,com,Dropped,2025-05-27
p0wn.com,com,Dropped,2025-05-26
PensTa.com,com,Dropped,2025-05-27
YellowSkies.com,com,Dropped,2025-05-26
JoinAmp.com,com,Dropped,2025-05-26
LibrIo.net,net,Dropped,2025-05-26
AcrossTheUniverse.com,com,Dropped,2025-05-26
MixNews.com,com,Dropped,2025-05-27
FarrisLawfirm.com,com,Dropped,2025-05-27
ReplicasRoleXreloj.com,com,Dropped,2025-05-26
InteriorIdeas.com,com,Dropped,2025-05-26
FamiCity.com,com,Dropped,2025-05-27
JournalistesSolidAires.com,com,Dropped,2025-05-26
MasTeatro.com,com,Dropped,2025-05-26
ChairAt.com,com,Dropped,2025-05-26
TengLongMachine.com,com,Dropped,2025-05-26
LxEmbroidery.com,com,Dropped,2025-05-27
OberonsAas.com,com,Dropped,2025-05-27
FuorIseries.com,com,Dropped,2025-05-26
AutoScoot.com,com,Dropped,2025-05-26
CollegePossible.com,com,Dropped,2025-05-27
DrawsKetch.com,com,Dropped,2025-05-26
ClickFoods.com,com,Dropped,2025-05-27
EdenMotors.com,com,Dropped,2025-05-26
Lolwtf.com,com,Dropped,2025-05-27
GoLara.com,com,Dropped,2025-05-27
MakeMyProfile.com,com,Dropped,2025-05-26
MagenTi.com,com,Dropped,2025-05-27
NewGrow.com,com,Dropped,2025-05-27
Pizca.com,com,Dropped,2025-05-26
WholesaleSupplyGroup.com,com,Dropped,2025-05-27
YouBus.com,com,Dropped,2025-05-26
88ma.net,net,Dropped,2025-05-26
bgkj-steeltruss.com,com,Dropped,2025-05-27
RosGuy.com,com,Dropped,2025-05-27
YukeOne.com,com,Dropped,2025-05-26
ZuOwenCankaO.com,com,Dropped,2025-05-27
ScxinYinqing.com,com,Dropped,2025-05-27
Villbot.com,com,Dropped,2025-05-27
BianxUny.com,com,Dropped,2025-05-27
DayOuhuaHan.com,com,Dropped,2025-05-26
dabaih5.com,com,Dropped,2025-05-27
Sdxyk.com,com,Dropped,2025-05-26
TiaNxinhuize.com,com,Dropped,2025-05-27
XuzhouJz.com,com,Dropped,2025-05-26
ThUers.com,com,Dropped,2025-05-26
saifei65.com,com,Dropped,2025-05-27
QuEdingZhe.com,com,Dropped,2025-05-26
TeslaDl.com,com,Dropped,2025-05-27
HongWk.com,com,Dropped,2025-05-26
sapp123.com,com,Dropped,2025-05-27
GongZhuwaWA.com,com,Dropped,2025-05-26
SmallBaiBear.com,com,Dropped,2025-05-27
LingyUFound.com,com,Dropped,2025-05-27
ftn-aquaart.com,com,Dropped,2025-05-27
WayCoSmall.com,com,Dropped,2025-05-27
CentAns.net,net,Dropped,2025-05-26
HaChiroKu.com,com,Dropped,2025-05-27
ShenzhouWeNming.com,com,Dropped,2025-05-26
Dunee.com,com,Dropped,2025-05-26
FlexData.com,com,Dropped,2025-05-27
VidBet.com,com,Dropped,2025-05-27
12022.com,com,Dropped,2025-05-26
BlueSolve.com,com,Dropped,2025-05-27
PartyLand.org,org,Dropped,2025-05-26
safezones4kids.org,org,Dropped,2025-05-27
Rbkc.org,org,Dropped,2025-05-26
HerbalLife.org,org,Dropped,2025-05-28
ThePhillipsFoundation.org,org,Dropped,2025-05-28
Esbc.org,org,Dropped,2025-05-27
BecomingYou.org,org,Dropped,2025-05-28
Atron.org,org,Dropped,2025-05-27
Rodp.org,org,Dropped,2025-05-26
AbqIndianCenter.org,org,Dropped,2025-05-27
KnowledgeToAction.org,org,Dropped,2025-05-27
EuropeanCup.org,org,Dropped,2025-05-28
DefMacro.org,org,Dropped,2025-05-28
Ileaf.org,org,Dropped,2025-05-26
MorgansFarm.org,org,Dropped,2025-05-26
DigitalCodes.org,org,Dropped,2025-05-28
ErieMathCounts.org,org,Dropped,2025-05-27
ChangeWise.org,org,Dropped,2025-05-28
GreenResource.org,org,Dropped,2025-05-26
SexInThePublicsquare.org,org,Dropped,2025-05-28
BillionDollar.org,org,Dropped,2025-05-26
RationalAgency.com,com,Dropped,2025-05-28
CogniTis.com,com,Dropped,2025-05-28
LeadIndia.com,com,Dropped,2025-05-26
KasianBoil.com,com,Dropped,2025-05-26
the-tin-man.com,com,Dropped,2025-05-26
CzLChina.net,net,Dropped,2025-05-26
gyjy010.com,com,Dropped,2025-05-27
Ivaga.com,com,Dropped,2025-05-28
CastleberryArts.com,com,Dropped,2025-05-26
PlanDigital.com,com,Dropped,2025-05-27
TahGroup.com,com,Dropped,2025-05-27
ForgetDebt.com,com,Dropped,2025-05-27
ThaiDay.com,com,Dropped,2025-05-26
EliteParalegal.com,com,Dropped,2025-05-26
AsaliAh.com,com,Dropped,2025-05-27
Vikex.com,com,Dropped,2025-05-28
Engira.com,com,Dropped,2025-05-27
BitterCikoLata.com,com,Dropped,2025-05-28
MstSoftware.com,com,Dropped,2025-05-28
AmpleShop.com,com,Dropped,2025-05-27
ParadiseFoundation.com,com,Dropped,2025-05-26
BhUmee.com,com,Dropped,2025-05-27
SwimmingOnline.net,net,Dropped,2025-05-26
DocPull.com,com,Dropped,2025-05-26
CeanoThus.com,com,Dropped,2025-05-26
ClutchDesign.com,com,Dropped,2025-05-26
TheGreenNetwork.com,com,Dropped,2025-05-28
BritishMedical.com,com,Dropped,2025-05-26
IgnitionTech.com,com,Dropped,2025-05-28
VivaSC.net,net,Dropped,2025-05-28
indo-diver.com,com,Dropped,2025-05-28
LaofoYewagUo.com,com,Dropped,2025-05-27
ZJyjfmzj.com,com,Dropped,2025-05-26
GeChiUi.net,net,Dropped,2025-05-26
ZmjxzsGc.com,com,Dropped,2025-05-26
Hnnlyp.com,com,Dropped,2025-05-27
JingRuntAi.com,com,Dropped,2025-05-28
SqzIran.com,com,Dropped,2025-05-26
Qifuhl.com,com,Dropped,2025-05-26
ChQylmp.com,com,Dropped,2025-05-28
TensorDl.com,com,Dropped,2025-05-26
LdswgZx.com,com,Dropped,2025-05-28
Btxct.com,com,Dropped,2025-05-26
JxrtdL.com,com,Dropped,2025-05-28
TeNgcheNY.com,com,Dropped,2025-05-28
LikeTutor.com,com,Dropped,2025-05-27
ChangeInai.com,com,Dropped,2025-05-26
SctjmAll.com,com,Dropped,2025-05-28
xyds8.com,com,Dropped,2025-05-28
ZhiyaNGroup.com,com,Dropped,2025-05-27
YutongDz.com,com,Dropped,2025-05-26
GreenXMoney.com,com,Dropped,2025-05-27
PcHelenOk.com,com,Dropped,2025-05-26
BillionVentures.com,com,Dropped,2025-05-26
HangsUo.com,com,Dropped,2025-05-28
78books.com,com,Dropped,2025-05-28
HailIgas.com,com,Dropped,2025-05-28
Crfh.net,net,Dropped,2025-05-26
PhaNto.com,com,Dropped,2025-05-27
CalvertLawfirm.com,com,Dropped,2025-05-28
l3m.com,com,Dropped,2025-05-26
LakesAlive.org,org,Dropped,2025-05-27
LawHouse.org,org,Dropped,2025-05-28
emmc18.org,org,Dropped,2025-05-28
RenewedHopeHealth.org,org,Dropped,2025-05-28
Imeco.org,org,Dropped,2025-05-29
IoWater.org,org,Dropped,2025-05-28
CeaseBoston.org,org,Dropped,2025-05-29
AfricanCashewInitiative.org,org,Dropped,2025-05-27
WalthamForest.org,org,Dropped,2025-05-28
TransBook.org,org,Dropped,2025-05-29
MemCacheDb.org,org,Dropped,2025-05-27
ClickPrompt.org,org,Dropped,2025-05-29
Grana.org,org,Dropped,2025-05-29
DeliciousMonster.org,org,Dropped,2025-05-28
EntanglementsJournal.org,org,Dropped,2025-05-28
AuthenticO.org,org,Dropped,2025-05-29
AmorHealth.org,org,Dropped,2025-05-29
CollegeForAdults.org,org,Dropped,2025-05-27
AshokaTurkiYe.org,org,Dropped,2025-05-27
AdminErevo.org,org,Dropped,2025-05-29
Windchill.org,org,Dropped,2025-05-29
GeoRisk.org,org,Dropped,2025-05-28
DreamHub.org,org,Dropped,2025-05-27
Mkacf.org,org,Dropped,2025-05-27
Oocss.org,org,Dropped,2025-05-27
FrontierWellness.com,com,Dropped,2025-05-28
GreenDigi.com,com,Dropped,2025-05-29
VentsContraIres.net,net,Dropped,2025-05-27
DuRangOutdoors.com,com,Dropped,2025-05-27
CargaFacIL.com,com,Dropped,2025-05-27
OptimumQuantum.com,com,Dropped,2025-05-28
MondoGelato.com,com,Dropped,2025-05-28
marque-savoie.com,com,Dropped,2025-05-27
CryptoNaut.com,com,Dropped,2025-05-29
reiki-for-holistic-health.com,com,Dropped,2025-05-28
JordanWord.com,com,Dropped,2025-05-28
AROmen.com,com,Dropped,2025-05-28
WohenKuAile.com,com,Dropped,2025-05-27
SicTransit.com,com,Dropped,2025-05-29
AstralTabletop.com,com,Dropped,2025-05-28
18livenews.com,com,Dropped,2025-05-29
Zabuni.com,com,Dropped,2025-05-29
CloudSecurityConsulting.com,com,Dropped,2025-05-29
AkuBox.com,com,Dropped,2025-05-28
Pyred.com,com,Dropped,2025-05-27
UtopiaFinance.com,com,Dropped,2025-05-27
ZAufAny.com,com,Dropped,2025-05-28
CovenantChapel.com,com,Dropped,2025-05-29
85441.com,com,Dropped,2025-05-29
OakEstate.com,com,Dropped,2025-05-29
WhitehouseDown.com,com,Dropped,2025-05-29
things-and-other-stuff.com,com,Dropped,2025-05-28
HomeInspectionsCalgary.com,com,Dropped,2025-05-28
Kagero.com,com,Dropped,2025-05-28
KiMano.com,com,Dropped,2025-05-27
hada-lounge-clinic.com,com,Dropped,2025-05-29
WeArchitect.com,com,Dropped,2025-05-28
ShopIchIgo.com,com,Dropped,2025-05-29
OfficeGrid.com,com,Dropped,2025-05-27
SharpenYourSpades.com,com,Dropped,2025-05-27
FratResinUnum.com,com,Dropped,2025-05-27
Fmlqj.com,com,Dropped,2025-05-27
datadriven-rnd.com,com,Dropped,2025-05-27
she-is-summer.com,com,Dropped,2025-05-27
HzldTest.com,com,Dropped,2025-05-29
ZheshiJiZhou.com,com,Dropped,2025-05-29
Nyitao.com,com,Dropped,2025-05-29
Ppzns.com,com,Dropped,2025-05-29
HeheQing.com,com,Dropped,2025-05-29
XtoleTech.com,com,Dropped,2025-05-29
Lvcwh.com,com,Dropped,2025-05-28
TimeSoftGroup.com,com,Dropped,2025-05-28
850304.com,com,Dropped,2025-05-27
WhhzysXx.com,com,Dropped,2025-05-28
VqInfos.com,com,Dropped,2025-05-29
ClineScientific.com,com,Dropped,2025-05-29
SzKingdom.net,net,Dropped,2025-05-29
AppesSo.com,com,Dropped,2025-05-29
HahaForYou.com,com,Dropped,2025-05-27
hahaha666.com,com,Dropped,2025-05-27
SCHaarDtForLegislature.com,com,Dropped,2025-05-29
ShopJinli.com,com,Dropped,2025-05-28
PrimeWellTech.com,com,Dropped,2025-05-29
dyf275.com,com,Dropped,2025-05-29
Pdxec.com,com,Dropped,2025-05-29
Xsjttz.com,com,Dropped,2025-05-28
yyxmw1856.com,com,Dropped,2025-05-29
w7hf.com,com,Dropped,2025-05-28
JingYanjiAnkang.com,com,Dropped,2025-05-28
JiuyiWei.com,com,Dropped,2025-05-28
Yqqsa.com,com,Dropped,2025-05-27
MiaofuYayun.com,com,Dropped,2025-05-29
CnPuen.com,com,Dropped,2025-05-27
fanxing026.com,com,Dropped,2025-05-29
Zxzwz.com,com,Dropped,2025-05-27
Tsqyt.com,com,Dropped,2025-05-29
JinyanXu.com,com,Dropped,2025-05-27
OgNeuPor.com,com,Dropped,2025-05-27
1111okok.com,com,Dropped,2025-05-29
FirmNet.com,com,Dropped,2025-05-29
Nsto.com,com,Dropped,2025-05-28
VasilyKlyUkIn.com,com,Dropped,2025-05-28
AuylRestaurant.com,com,Dropped,2025-05-28
HeliosHealth.com,com,Dropped,2025-05-29
ImAlliance.com,com,Dropped,2025-05-27
ThisIsTheBronx.info,info,Dropped,2025-05-29
PlayerZone.org,org,Dropped,2025-05-30
ek-ls.org,org,Dropped,2025-05-29
HealthSecret.org,org,Dropped,2025-05-28
DiocesisdefacatatIva.org,org,Dropped,2025-05-28
Dosk.org,org,Dropped,2025-05-28
FreedomStore.org,org,Dropped,2025-05-29
gr-gs.org,org,Dropped,2025-05-29
FarmToBallet.org,org,Dropped,2025-05-30
ProsEc.org,org,Dropped,2025-05-29
Chantal.org,org,Dropped,2025-05-29
InventUm.org,org,Dropped,2025-05-30
Sheb.org,org,Dropped,2025-05-29
Hilla.org,org,Dropped,2025-05-30
Hstl.org,org,Dropped,2025-05-28
